[{"model": "admin.logentry", "pk": 1, "fields": {"action_time": "2022-05-02T05:55:18.335Z", "user": 1, "content_type": 7, "object_id": "1", "object_repr": "Sabrian", "action_flag": 1, "change_message": "[{\"added\": {}}]"}}, {"model": "admin.logentry", "pk": 2, "fields": {"action_time": "2022-05-02T06:00:17.238Z", "user": 1, "content_type": 8, "object_id": "1", "object_repr": "Nxp semiconductor", "action_flag": 1, "change_message": "[{\"added\": {}}]"}}, {"model": "admin.logentry", "pk": 3, "fields": {"action_time": "2022-05-02T06:02:07.705Z", "user": 1, "content_type": 8, "object_id": "1", "object_repr": "Pb tech", "action_flag": 2, "change_message": "[{\"changed\": {\"fields\": [\"Name\", \"Email address\"]}}]"}}, {"model": "admin.logentry", "pk": 4, "fields": {"action_time": "2022-05-02T06:02:52.247Z", "user": 1, "content_type": 10, "object_id": "1", "object_repr": "HDD 500Gb", "action_flag": 1, "change_message": "[{\"added\": {}}]"}}, {"model": "admin.logentry", "pk": 5, "fields": {"action_time": "2022-05-02T06:03:13.974Z", "user": 1, "content_type": 9, "object_id": "1", "object_repr": "1 - Sabrian order", "action_flag": 1, "change_message": "[{\"added\": {}}]"}}, {"model": "admin.logentry", "pk": 6, "fields": {"action_time": "2022-05-02T06:03:25.238Z", "user": 1, "content_type": 12, "object_id": "1", "object_repr": "1 - HDD 500Gb", "action_flag": 1, "change_message": "[{\"added\": {}}]"}}, {"model": "admin.logentry", "pk": 7, "fields": {"action_time": "2022-05-06T16:08:36.444Z", "user": 1, "content_type": 7, "object_id": "3", "object_repr": "Omnitech", "action_flag": 3, "change_message": ""}}, {"model": "admin.logentry", "pk": 8, "fields": {"action_time": "2022-05-06T16:08:42.593Z", "user": 1, "content_type": 7, "object_id": "2", "object_repr": "Omnitech", "action_flag": 3, "change_message": ""}}, {"model": "admin.logentry", "pk": 9, "fields": {"action_time": "2022-05-08T01:44:57.931Z", "user": 1, "content_type": 9, "object_id": "1", "object_repr": "1 - Sabrian order", "action_flag": 3, "change_message": ""}}, {"model": "admin.logentry", "pk": 10, "fields": {"action_time": "2022-05-08T02:49:56.996Z", "user": 1, "content_type": 9, "object_id": "1", "object_repr": "1 - Sabrian order", "action_flag": 1, "change_message": "[{\"added\": {}}]"}}, {"model": "admin.logentry", "pk": 11, "fields": {"action_time": "2022-05-08T02:50:10.568Z", "user": 1, "content_type": 12, "object_id": "1", "object_repr": "HDD 500Gb", "action_flag": 1, "change_message": "[{\"added\": {}}]"}}, {"model": "admin.logentry", "pk": 12, "fields": {"action_time": "2022-05-08T02:53:51.895Z", "user": 1, "content_type": 12, "object_id": "2", "object_repr": "Motherboard", "action_flag": 1, "change_message": "[{\"added\": {}}]"}}, {"model": "admin.logentry", "pk": 13, "fields": {"action_time": "2022-05-08T04:50:37.707Z", "user": 1, "content_type": 9, "object_id": "1", "object_repr": "1 - Sabrian order", "action_flag": 3, "change_message": ""}}, {"model": "admin.logentry", "pk": 14, "fields": {"action_time": "2022-05-08T04:50:48.294Z", "user": 1, "content_type": 10, "object_id": "2", "object_repr": "Motherboard", "action_flag": 3, "change_message": ""}}, {"model": "admin.logentry", "pk": 15, "fields": {"action_time": "2022-05-08T04:50:51.761Z", "user": 1, "content_type": 10, "object_id": "1", "object_repr": "HDD 500Gb", "action_flag": 3, "change_message": ""}}, {"model": "admin.logentry", "pk": 16, "fields": {"action_time": "2022-05-08T05:05:06.676Z", "user": 1, "content_type": 10, "object_id": "2", "object_repr": "RAM 32GB", "action_flag": 2, "change_message": "[{\"changed\": {\"fields\": [\"Reserved stock\"]}}]"}}, {"model": "admin.logentry", "pk": 17, "fields": {"action_time": "2022-05-08T05:05:10.364Z", "user": 1, "content_type": 10, "object_id": "1", "object_repr": "Motherboard", "action_flag": 2, "change_message": "[{\"changed\": {\"fields\": [\"Reserved stock\"]}}]"}}, {"model": "admin.logentry", "pk": 18, "fields": {"action_time": "2022-05-08T05:38:55.151Z", "user": 1, "content_type": 9, "object_id": "4", "object_repr": "4 - Sabrian order", "action_flag": 3, "change_message": ""}}, {"model": "admin.logentry", "pk": 19, "fields": {"action_time": "2022-05-08T05:39:12.499Z", "user": 1, "content_type": 10, "object_id": "2", "object_repr": "RAM 32GB", "action_flag": 2, "change_message": "[{\"changed\": {\"fields\": [\"Stock\"]}}]"}}, {"model": "admin.logentry", "pk": 20, "fields": {"action_time": "2022-05-08T05:39:23.176Z", "user": 1, "content_type": 10, "object_id": "1", "object_repr": "Motherboard", "action_flag": 2, "change_message": "[{\"changed\": {\"fields\": [\"Stock\"]}}]"}}, {"model": "admin.logentry", "pk": 21, "fields": {"action_time": "2022-05-08T05:47:26.373Z", "user": 1, "content_type": 9, "object_id": "1", "object_repr": "1 - Sabrian order", "action_flag": 3, "change_message": ""}}, {"model": "admin.logentry", "pk": 22, "fields": {"action_time": "2022-05-08T05:47:57.128Z", "user": 1, "content_type": 10, "object_id": "1", "object_repr": "Motherboard", "action_flag": 2, "change_message": "[{\"changed\": {\"fields\": [\"Stock\", \"Reserved stock\"]}}]"}}, {"model": "admin.logentry", "pk": 23, "fields": {"action_time": "2022-05-08T05:49:20.198Z", "user": 1, "content_type": 10, "object_id": "2", "object_repr": "RAM 32GB", "action_flag": 2, "change_message": "[{\"changed\": {\"fields\": [\"Reserved stock\", \"Available stock\"]}}]"}}, {"model": "admin.logentry", "pk": 24, "fields": {"action_time": "2022-05-08T05:58:39.888Z", "user": 1, "content_type": 10, "object_id": "2", "object_repr": "RAM 32GB", "action_flag": 2, "change_message": "[{\"changed\": {\"fields\": [\"Stock\", \"Reserved stock\"]}}]"}}, {"model": "admin.logentry", "pk": 25, "fields": {"action_time": "2022-05-08T05:58:57.730Z", "user": 1, "content_type": 10, "object_id": "1", "object_repr": "Motherboard", "action_flag": 2, "change_message": "[{\"changed\": {\"fields\": [\"Stock\", \"Reserved stock\"]}}]"}}, {"model": "admin.logentry", "pk": 26, "fields": {"action_time": "2022-05-08T06:00:56.330Z", "user": 1, "content_type": 9, "object_id": "2", "object_repr": "2 - Sabrian order", "action_flag": 2, "change_message": "[{\"changed\": {\"fields\": [\"Value\"]}}]"}}, {"model": "admin.logentry", "pk": 27, "fields": {"action_time": "2022-05-08T06:01:00.884Z", "user": 1, "content_type": 9, "object_id": "2", "object_repr": "2 - Sabrian order", "action_flag": 2, "change_message": "[{\"changed\": {\"fields\": [\"Status\", \"Confirm\"]}}]"}}, {"model": "admin.logentry", "pk": 28, "fields": {"action_time": "2022-05-08T06:05:29.499Z", "user": 1, "content_type": 9, "object_id": "2", "object_repr": "2 - Sabrian order", "action_flag": 3, "change_message": ""}}, {"model": "admin.logentry", "pk": 29, "fields": {"action_time": "2022-05-08T06:05:39.168Z", "user": 1, "content_type": 10, "object_id": "2", "object_repr": "RAM 32GB", "action_flag": 2, "change_message": "[{\"changed\": {\"fields\": [\"Stock\", \"Reserved stock\"]}}]"}}, {"model": "admin.logentry", "pk": 30, "fields": {"action_time": "2022-05-08T06:05:55.683Z", "user": 1, "content_type": 10, "object_id": "1", "object_repr": "Motherboard", "action_flag": 2, "change_message": "[{\"changed\": {\"fields\": [\"Stock\", \"Available stock\"]}}]"}}, {"model": "admin.logentry", "pk": 31, "fields": {"action_time": "2022-05-09T04:31:20.049Z", "user": 1, "content_type": 10, "object_id": "1", "object_repr": "Motherboard", "action_flag": 2, "change_message": "[{\"changed\": {\"fields\": [\"Reserved stock\"]}}]"}}, {"model": "admin.logentry", "pk": 32, "fields": {"action_time": "2022-05-09T04:33:21.011Z", "user": 1, "content_type": 10, "object_id": "1", "object_repr": "Motherboard", "action_flag": 2, "change_message": "[{\"changed\": {\"fields\": [\"Reserved stock\"]}}]"}}, {"model": "admin.logentry", "pk": 33, "fields": {"action_time": "2022-05-09T04:43:41.527Z", "user": 1, "content_type": 10, "object_id": "3", "object_repr": "HDD", "action_flag": 2, "change_message": "[{\"changed\": {\"fields\": [\"Reserved stock\"]}}]"}}, {"model": "admin.logentry", "pk": 34, "fields": {"action_time": "2022-05-09T04:46:16.652Z", "user": 1, "content_type": 10, "object_id": "3", "object_repr": "HDD", "action_flag": 2, "change_message": "[{\"changed\": {\"fields\": [\"Reserved stock\"]}}]"}}, {"model": "admin.logentry", "pk": 35, "fields": {"action_time": "2022-05-09T04:56:11.405Z", "user": 1, "content_type": 9, "object_id": "5", "object_repr": "5 - Sabrian order", "action_flag": 3, "change_message": ""}}, {"model": "admin.logentry", "pk": 36, "fields": {"action_time": "2022-05-09T04:56:15.055Z", "user": 1, "content_type": 9, "object_id": "4", "object_repr": "4 - Sabrian order", "action_flag": 3, "change_message": ""}}, {"model": "admin.logentry", "pk": 37, "fields": {"action_time": "2022-05-09T04:56:17.694Z", "user": 1, "content_type": 9, "object_id": "7", "object_repr": "7 - Sabrian order", "action_flag": 3, "change_message": ""}}, {"model": "admin.logentry", "pk": 38, "fields": {"action_time": "2022-05-09T04:56:20.152Z", "user": 1, "content_type": 9, "object_id": "9", "object_repr": "9 - Sabrian order", "action_flag": 3, "change_message": ""}}, {"model": "admin.logentry", "pk": 39, "fields": {"action_time": "2022-05-09T04:56:22.501Z", "user": 1, "content_type": 9, "object_id": "6", "object_repr": "6 - Sabrian order", "action_flag": 3, "change_message": ""}}, {"model": "admin.logentry", "pk": 40, "fields": {"action_time": "2022-05-09T04:56:25.683Z", "user": 1, "content_type": 9, "object_id": "13", "object_repr": "13 - Rick young order", "action_flag": 3, "change_message": ""}}, {"model": "admin.logentry", "pk": 41, "fields": {"action_time": "2022-05-09T04:56:28.019Z", "user": 1, "content_type": 9, "object_id": "15", "object_repr": "15 - Rick young order", "action_flag": 3, "change_message": ""}}, {"model": "admin.logentry", "pk": 42, "fields": {"action_time": "2022-05-09T04:56:30.239Z", "user": 1, "content_type": 9, "object_id": "16", "object_repr": "16 - Sabrian order", "action_flag": 3, "change_message": ""}}, {"model": "admin.logentry", "pk": 43, "fields": {"action_time": "2022-05-09T04:56:33.915Z", "user": 1, "content_type": 9, "object_id": "10", "object_repr": "10 - Sabrian order", "action_flag": 3, "change_message": ""}}, {"model": "admin.logentry", "pk": 44, "fields": {"action_time": "2022-05-09T04:57:34.219Z", "user": 1, "content_type": 10, "object_id": "3", "object_repr": "HDD", "action_flag": 2, "change_message": "[{\"changed\": {\"fields\": [\"Stock\"]}}]"}}, {"model": "admin.logentry", "pk": 45, "fields": {"action_time": "2022-05-09T04:59:19.346Z", "user": 1, "content_type": 9, "object_id": "17", "object_repr": "17 - Rick young order", "action_flag": 3, "change_message": ""}}, {"model": "admin.logentry", "pk": 46, "fields": {"action_time": "2022-05-09T04:59:27.985Z", "user": 1, "content_type": 10, "object_id": "3", "object_repr": "HDD", "action_flag": 2, "change_message": "[{\"changed\": {\"fields\": [\"Stock\"]}}]"}}, {"model": "admin.logentry", "pk": 47, "fields": {"action_time": "2022-05-09T05:00:31.112Z", "user": 1, "content_type": 10, "object_id": "3", "object_repr": "HDD", "action_flag": 2, "change_message": "[{\"changed\": {\"fields\": [\"Stock\"]}}]"}}, {"model": "admin.logentry", "pk": 48, "fields": {"action_time": "2022-05-09T05:00:39.444Z", "user": 1, "content_type": 9, "object_id": "18", "object_repr": "18 - Rick young order", "action_flag": 3, "change_message": ""}}, {"model": "admin.logentry", "pk": 49, "fields": {"action_time": "2022-05-09T05:09:05.006Z", "user": 1, "content_type": 9, "object_id": "19", "object_repr": "19 - Rick young order", "action_flag": 3, "change_message": ""}}, {"model": "admin.logentry", "pk": 50, "fields": {"action_time": "2022-05-09T05:09:15.135Z", "user": 1, "content_type": 10, "object_id": "3", "object_repr": "HDD", "action_flag": 2, "change_message": "[{\"changed\": {\"fields\": [\"Stock\"]}}]"}}, {"model": "admin.logentry", "pk": 51, "fields": {"action_time": "2022-05-09T05:11:27.875Z", "user": 1, "content_type": 9, "object_id": "20", "object_repr": "20 - Sabrian order", "action_flag": 3, "change_message": ""}}, {"model": "admin.logentry", "pk": 52, "fields": {"action_time": "2022-05-09T05:11:34.980Z", "user": 1, "content_type": 10, "object_id": "3", "object_repr": "HDD", "action_flag": 2, "change_message": "[{\"changed\": {\"fields\": [\"Stock\"]}}]"}}, {"model": "admin.logentry", "pk": 53, "fields": {"action_time": "2022-05-09T05:13:49.178Z", "user": 1, "content_type": 9, "object_id": "21", "object_repr": "21 - Rick young order", "action_flag": 3, "change_message": ""}}, {"model": "admin.logentry", "pk": 54, "fields": {"action_time": "2022-05-09T05:13:57.143Z", "user": 1, "content_type": 10, "object_id": "3", "object_repr": "HDD", "action_flag": 2, "change_message": "[{\"changed\": {\"fields\": [\"Stock\"]}}]"}}, {"model": "admin.logentry", "pk": 55, "fields": {"action_time": "2022-05-13T03:03:59.093Z", "user": 1, "content_type": 10, "object_id": "3", "object_repr": "HDD", "action_flag": 2, "change_message": "[{\"changed\": {\"fields\": [\"Manufacturer number\"]}}]"}}, {"model": "admin.logentry", "pk": 56, "fields": {"action_time": "2022-05-13T03:04:10.469Z", "user": 1, "content_type": 10, "object_id": "2", "object_repr": "RAM 32GB", "action_flag": 2, "change_message": "[{\"changed\": {\"fields\": [\"Manufacturer number\"]}}]"}}, {"model": "admin.logentry", "pk": 57, "fields": {"action_time": "2022-05-13T03:04:16.751Z", "user": 1, "content_type": 10, "object_id": "1", "object_repr": "Motherboard", "action_flag": 2, "change_message": "[{\"changed\": {\"fields\": [\"Manufacturer number\"]}}]"}}, {"model": "admin.logentry", "pk": 58, "fields": {"action_time": "2022-05-16T23:37:02.254Z", "user": 1, "content_type": 11, "object_id": "3", "object_repr": "Pb technologies - 3", "action_flag": 3, "change_message": ""}}, {"model": "admin.logentry", "pk": 59, "fields": {"action_time": "2022-05-16T23:37:02.265Z", "user": 1, "content_type": 11, "object_id": "2", "object_repr": "Pb technologies - 2", "action_flag": 3, "change_message": ""}}, {"model": "admin.logentry", "pk": 60, "fields": {"action_time": "2022-05-16T23:37:02.276Z", "user": 1, "content_type": 11, "object_id": "1", "object_repr": "Pb technologies - 1", "action_flag": 3, "change_message": ""}}, {"model": "admin.logentry", "pk": 61, "fields": {"action_time": "2022-05-17T01:23:04.090Z", "user": 1, "content_type": 11, "object_id": "4", "object_repr": "Pb technologies - 4", "action_flag": 3, "change_message": ""}}, {"model": "admin.logentry", "pk": 62, "fields": {"action_time": "2022-05-17T01:23:04.102Z", "user": 1, "content_type": 11, "object_id": "3", "object_repr": "Pb technologies - 3", "action_flag": 3, "change_message": ""}}, {"model": "admin.logentry", "pk": 63, "fields": {"action_time": "2022-05-17T01:23:04.113Z", "user": 1, "content_type": 11, "object_id": "2", "object_repr": "Pb technologies - 2", "action_flag": 3, "change_message": ""}}, {"model": "admin.logentry", "pk": 64, "fields": {"action_time": "2022-05-17T01:23:04.124Z", "user": 1, "content_type": 11, "object_id": "1", "object_repr": "Pb technologies - 1", "action_flag": 3, "change_message": ""}}, {"model": "admin.logentry", "pk": 65, "fields": {"action_time": "2022-05-17T02:44:23.598Z", "user": 1, "content_type": 11, "object_id": "7", "object_repr": "Pb technologies - 7", "action_flag": 2, "change_message": "[{\"changed\": {\"fields\": [\"Status\", \"Confirm\"]}}]"}}, {"model": "admin.logentry", "pk": 66, "fields": {"action_time": "2022-05-17T03:09:37.335Z", "user": 1, "content_type": 10, "object_id": "2", "object_repr": "RAM 32GB", "action_flag": 2, "change_message": "[{\"changed\": {\"fields\": [\"Item in order\"]}}]"}}, {"model": "admin.logentry", "pk": 67, "fields": {"action_time": "2022-05-17T03:33:21.345Z", "user": 1, "content_type": 11, "object_id": "12", "object_repr": "Pb technologies - 12", "action_flag": 3, "change_message": ""}}, {"model": "admin.logentry", "pk": 68, "fields": {"action_time": "2022-05-17T03:33:24.153Z", "user": 1, "content_type": 11, "object_id": "14", "object_repr": "Pb technologies - 14", "action_flag": 3, "change_message": ""}}, {"model": "admin.logentry", "pk": 69, "fields": {"action_time": "2022-05-17T03:34:00.881Z", "user": 1, "content_type": 10, "object_id": "4", "object_repr": "SSD 500GB", "action_flag": 2, "change_message": "[{\"changed\": {\"fields\": [\"Stock\"]}}]"}}, {"model": "admin.logentry", "pk": 70, "fields": {"action_time": "2022-05-17T03:36:20.492Z", "user": 1, "content_type": 11, "object_id": "15", "object_repr": "Pb technologies - 15", "action_flag": 3, "change_message": ""}}, {"model": "admin.logentry", "pk": 71, "fields": {"action_time": "2022-05-17T03:37:04.206Z", "user": 1, "content_type": 10, "object_id": "4", "object_repr": "SSD 500GB", "action_flag": 2, "change_message": "[{\"changed\": {\"fields\": [\"Stock\"]}}]"}}, {"model": "admin.logentry", "pk": 72, "fields": {"action_time": "2022-05-17T03:42:30.672Z", "user": 1, "content_type": 10, "object_id": "4", "object_repr": "SSD 500GB", "action_flag": 2, "change_message": "[{\"changed\": {\"fields\": [\"Stock\"]}}]"}}, {"model": "admin.logentry", "pk": 73, "fields": {"action_time": "2022-05-17T03:47:55.354Z", "user": 1, "content_type": 11, "object_id": "18", "object_repr": "Pb technologies - 18", "action_flag": 3, "change_message": ""}}, {"model": "admin.logentry", "pk": 74, "fields": {"action_time": "2022-05-17T03:47:55.366Z", "user": 1, "content_type": 11, "object_id": "16", "object_repr": "Pb technologies - 16", "action_flag": 3, "change_message": ""}}, {"model": "admin.logentry", "pk": 75, "fields": {"action_time": "2022-05-17T03:48:12.140Z", "user": 1, "content_type": 10, "object_id": "4", "object_repr": "SSD 500GB", "action_flag": 2, "change_message": "[{\"changed\": {\"fields\": [\"Stock\", \"Item in order\"]}}]"}}, {"model": "admin.logentry", "pk": 76, "fields": {"action_time": "2022-05-17T03:48:32.536Z", "user": 1, "content_type": 9, "object_id": "30", "object_repr": "30 - Sabrian order", "action_flag": 3, "change_message": ""}}, {"model": "admin.logentry", "pk": 77, "fields": {"action_time": "2022-05-17T03:48:32.547Z", "user": 1, "content_type": 9, "object_id": "29", "object_repr": "29 - Sabrian order", "action_flag": 3, "change_message": ""}}, {"model": "admin.logentry", "pk": 78, "fields": {"action_time": "2022-05-17T03:48:32.559Z", "user": 1, "content_type": 9, "object_id": "28", "object_repr": "28 - Sabrian order", "action_flag": 3, "change_message": ""}}, {"model": "admin.logentry", "pk": 79, "fields": {"action_time": "2022-05-17T03:48:32.569Z", "user": 1, "content_type": 9, "object_id": "27", "object_repr": "27 - Sabrian order", "action_flag": 3, "change_message": ""}}, {"model": "admin.logentry", "pk": 80, "fields": {"action_time": "2022-05-17T03:48:32.580Z", "user": 1, "content_type": 9, "object_id": "26", "object_repr": "26 - Sabrian order", "action_flag": 3, "change_message": ""}}, {"model": "admin.logentry", "pk": 81, "fields": {"action_time": "2022-05-17T03:49:35.447Z", "user": 1, "content_type": 9, "object_id": "32", "object_repr": "32 - Sabrian order", "action_flag": 3, "change_message": ""}}, {"model": "admin.logentry", "pk": 82, "fields": {"action_time": "2022-05-17T03:49:40.957Z", "user": 1, "content_type": 11, "object_id": "19", "object_repr": "Pb technologies - 19", "action_flag": 3, "change_message": ""}}, {"model": "admin.logentry", "pk": 83, "fields": {"action_time": "2022-05-17T03:49:55.203Z", "user": 1, "content_type": 10, "object_id": "4", "object_repr": "SSD 500GB", "action_flag": 2, "change_message": "[{\"changed\": {\"fields\": [\"Stock\"]}}]"}}, {"model": "admin.logentry", "pk": 84, "fields": {"action_time": "2022-05-17T03:52:53.083Z", "user": 1, "content_type": 13, "object_id": "34", "object_repr": "SSD 500GB", "action_flag": 3, "change_message": ""}}, {"model": "admin.logentry", "pk": 85, "fields": {"action_time": "2022-05-17T03:53:03.366Z", "user": 1, "content_type": 11, "object_id": "20", "object_repr": "Pb technologies - 20", "action_flag": 3, "change_message": ""}}, {"model": "admin.logentry", "pk": 86, "fields": {"action_time": "2022-05-17T03:53:14.550Z", "user": 1, "content_type": 10, "object_id": "4", "object_repr": "SSD 500GB", "action_flag": 2, "change_message": "[{\"changed\": {\"fields\": [\"Stock\"]}}]"}}, {"model": "admin.logentry", "pk": 87, "fields": {"action_time": "2022-05-17T03:55:18.301Z", "user": 1, "content_type": 11, "object_id": "21", "object_repr": "Pb technologies - 21", "action_flag": 3, "change_message": ""}}, {"model": "admin.logentry", "pk": 88, "fields": {"action_time": "2022-05-17T03:57:18.457Z", "user": 1, "content_type": 11, "object_id": "22", "object_repr": "Pb technologies - 22", "action_flag": 3, "change_message": ""}}, {"model": "admin.logentry", "pk": 89, "fields": {"action_time": "2022-05-17T03:57:25.127Z", "user": 1, "content_type": 10, "object_id": "4", "object_repr": "SSD 500GB", "action_flag": 2, "change_message": "[{\"changed\": {\"fields\": [\"Stock\"]}}]"}}, {"model": "admin.logentry", "pk": 90, "fields": {"action_time": "2022-05-17T03:58:26.809Z", "user": 1, "content_type": 11, "object_id": "23", "object_repr": "Pb technologies - 23", "action_flag": 3, "change_message": ""}}, {"model": "admin.logentry", "pk": 91, "fields": {"action_time": "2022-05-17T04:06:35.180Z", "user": 1, "content_type": 10, "object_id": "4", "object_repr": "SSD 500GB", "action_flag": 2, "change_message": "[{\"changed\": {\"fields\": [\"Stock\"]}}]"}}, {"model": "admin.logentry", "pk": 92, "fields": {"action_time": "2022-05-17T04:08:15.856Z", "user": 1, "content_type": 11, "object_id": "24", "object_repr": "Pb technologies - 24", "action_flag": 3, "change_message": ""}}, {"model": "admin.logentry", "pk": 93, "fields": {"action_time": "2022-05-17T04:08:25.253Z", "user": 1, "content_type": 10, "object_id": "4", "object_repr": "SSD 500GB", "action_flag": 2, "change_message": "[{\"changed\": {\"fields\": [\"Stock\"]}}]"}}, {"model": "admin.logentry", "pk": 94, "fields": {"action_time": "2022-05-17T04:09:39.345Z", "user": 1, "content_type": 11, "object_id": "25", "object_repr": "Pb technologies - 25", "action_flag": 3, "change_message": ""}}, {"model": "admin.logentry", "pk": 95, "fields": {"action_time": "2022-05-17T04:10:03.943Z", "user": 1, "content_type": 10, "object_id": "4", "object_repr": "SSD 500GB", "action_flag": 2, "change_message": "[{\"changed\": {\"fields\": [\"Stock\"]}}]"}}, {"model": "admin.logentry", "pk": 96, "fields": {"action_time": "2022-05-17T04:12:37.377Z", "user": 1, "content_type": 10, "object_id": "4", "object_repr": "SSD 500GB", "action_flag": 2, "change_message": "[{\"changed\": {\"fields\": [\"Stock\"]}}]"}}, {"model": "admin.logentry", "pk": 97, "fields": {"action_time": "2022-05-17T04:12:52.459Z", "user": 1, "content_type": 9, "object_id": "39", "object_repr": "39 - Sabrian order", "action_flag": 3, "change_message": ""}}, {"model": "admin.logentry", "pk": 98, "fields": {"action_time": "2022-05-17T04:12:52.472Z", "user": 1, "content_type": 9, "object_id": "38", "object_repr": "38 - Sabrian order", "action_flag": 3, "change_message": ""}}, {"model": "admin.logentry", "pk": 99, "fields": {"action_time": "2022-05-17T04:12:52.483Z", "user": 1, "content_type": 9, "object_id": "37", "object_repr": "37 - Sabrian order", "action_flag": 3, "change_message": ""}}, {"model": "admin.logentry", "pk": 100, "fields": {"action_time": "2022-05-17T04:12:52.494Z", "user": 1, "content_type": 9, "object_id": "36", "object_repr": "36 - Sabrian order", "action_flag": 3, "change_message": ""}}, {"model": "admin.logentry", "pk": 101, "fields": {"action_time": "2022-05-17T04:12:52.505Z", "user": 1, "content_type": 9, "object_id": "35", "object_repr": "35 - Sabrian order", "action_flag": 3, "change_message": ""}}, {"model": "admin.logentry", "pk": 102, "fields": {"action_time": "2022-05-17T04:12:52.517Z", "user": 1, "content_type": 9, "object_id": "34", "object_repr": "34 - Sabrian order", "action_flag": 3, "change_message": ""}}, {"model": "admin.logentry", "pk": 103, "fields": {"action_time": "2022-05-17T04:12:52.528Z", "user": 1, "content_type": 9, "object_id": "33", "object_repr": "33 - Sabrian order", "action_flag": 3, "change_message": ""}}, {"model": "admin.logentry", "pk": 104, "fields": {"action_time": "2022-05-17T04:14:50.208Z", "user": 1, "content_type": 11, "object_id": "27", "object_repr": "Pb technologies - 27", "action_flag": 3, "change_message": ""}}, {"model": "admin.logentry", "pk": 105, "fields": {"action_time": "2022-05-17T04:14:50.220Z", "user": 1, "content_type": 11, "object_id": "26", "object_repr": "Pb technologies - 26", "action_flag": 3, "change_message": ""}}, {"model": "admin.logentry", "pk": 106, "fields": {"action_time": "2022-05-17T04:16:07.860Z", "user": 1, "content_type": 10, "object_id": "4", "object_repr": "SSD 500GB", "action_flag": 2, "change_message": "[{\"changed\": {\"fields\": [\"Item in order\"]}}]"}}, {"model": "admin.logentry", "pk": 107, "fields": {"action_time": "2022-05-17T04:16:25.150Z", "user": 1, "content_type": 10, "object_id": "4", "object_repr": "SSD 500GB", "action_flag": 2, "change_message": "[{\"changed\": {\"fields\": [\"Stock\"]}}]"}}, {"model": "admin.logentry", "pk": 108, "fields": {"action_time": "2022-05-17T04:19:04.337Z", "user": 1, "content_type": 10, "object_id": "4", "object_repr": "SSD 500GB", "action_flag": 2, "change_message": "[{\"changed\": {\"fields\": [\"Item in order\"]}}]"}}, {"model": "admin.logentry", "pk": 109, "fields": {"action_time": "2022-05-17T04:19:26.706Z", "user": 1, "content_type": 10, "object_id": "4", "object_repr": "SSD 500GB", "action_flag": 2, "change_message": "[{\"changed\": {\"fields\": [\"Stock\"]}}]"}}, {"model": "auth.permission", "pk": 1, "fields": {"name": "Can add log entry", "content_type": 1, "codename": "add_logentry"}}, {"model": "auth.permission", "pk": 2, "fields": {"name": "Can change log entry", "content_type": 1, "codename": "change_logentry"}}, {"model": "auth.permission", "pk": 3, "fields": {"name": "Can delete log entry", "content_type": 1, "codename": "delete_logentry"}}, {"model": "auth.permission", "pk": 4, "fields": {"name": "Can view log entry", "content_type": 1, "codename": "view_logentry"}}, {"model": "auth.permission", "pk": 5, "fields": {"name": "Can add permission", "content_type": 2, "codename": "add_permission"}}, {"model": "auth.permission", "pk": 6, "fields": {"name": "Can change permission", "content_type": 2, "codename": "change_permission"}}, {"model": "auth.permission", "pk": 7, "fields": {"name": "Can delete permission", "content_type": 2, "codename": "delete_permission"}}, {"model": "auth.permission", "pk": 8, "fields": {"name": "Can view permission", "content_type": 2, "codename": "view_permission"}}, {"model": "auth.permission", "pk": 9, "fields": {"name": "Can add group", "content_type": 3, "codename": "add_group"}}, {"model": "auth.permission", "pk": 10, "fields": {"name": "Can change group", "content_type": 3, "codename": "change_group"}}, {"model": "auth.permission", "pk": 11, "fields": {"name": "Can delete group", "content_type": 3, "codename": "delete_group"}}, {"model": "auth.permission", "pk": 12, "fields": {"name": "Can view group", "content_type": 3, "codename": "view_group"}}, {"model": "auth.permission", "pk": 13, "fields": {"name": "Can add user", "content_type": 4, "codename": "add_user"}}, {"model": "auth.permission", "pk": 14, "fields": {"name": "Can change user", "content_type": 4, "codename": "change_user"}}, {"model": "auth.permission", "pk": 15, "fields": {"name": "Can delete user", "content_type": 4, "codename": "delete_user"}}, {"model": "auth.permission", "pk": 16, "fields": {"name": "Can view user", "content_type": 4, "codename": "view_user"}}, {"model": "auth.permission", "pk": 17, "fields": {"name": "Can add content type", "content_type": 5, "codename": "add_contenttype"}}, {"model": "auth.permission", "pk": 18, "fields": {"name": "Can change content type", "content_type": 5, "codename": "change_contenttype"}}, {"model": "auth.permission", "pk": 19, "fields": {"name": "Can delete content type", "content_type": 5, "codename": "delete_contenttype"}}, {"model": "auth.permission", "pk": 20, "fields": {"name": "Can view content type", "content_type": 5, "codename": "view_contenttype"}}, {"model": "auth.permission", "pk": 21, "fields": {"name": "Can add session", "content_type": 6, "codename": "add_session"}}, {"model": "auth.permission", "pk": 22, "fields": {"name": "Can change session", "content_type": 6, "codename": "change_session"}}, {"model": "auth.permission", "pk": 23, "fields": {"name": "Can delete session", "content_type": 6, "codename": "delete_session"}}, {"model": "auth.permission", "pk": 24, "fields": {"name": "Can view session", "content_type": 6, "codename": "view_session"}}, {"model": "auth.permission", "pk": 25, "fields": {"name": "Can add customer", "content_type": 7, "codename": "add_customer"}}, {"model": "auth.permission", "pk": 26, "fields": {"name": "Can change customer", "content_type": 7, "codename": "change_customer"}}, {"model": "auth.permission", "pk": 27, "fields": {"name": "Can delete customer", "content_type": 7, "codename": "delete_customer"}}, {"model": "auth.permission", "pk": 28, "fields": {"name": "Can view customer", "content_type": 7, "codename": "view_customer"}}, {"model": "auth.permission", "pk": 29, "fields": {"name": "Can add supplier", "content_type": 8, "codename": "add_supplier"}}, {"model": "auth.permission", "pk": 30, "fields": {"name": "Can change supplier", "content_type": 8, "codename": "change_supplier"}}, {"model": "auth.permission", "pk": 31, "fields": {"name": "Can delete supplier", "content_type": 8, "codename": "delete_supplier"}}, {"model": "auth.permission", "pk": 32, "fields": {"name": "Can view supplier", "content_type": 8, "codename": "view_supplier"}}, {"model": "auth.permission", "pk": 33, "fields": {"name": "Can add customer order", "content_type": 9, "codename": "add_customerorder"}}, {"model": "auth.permission", "pk": 34, "fields": {"name": "Can change customer order", "content_type": 9, "codename": "change_customerorder"}}, {"model": "auth.permission", "pk": 35, "fields": {"name": "Can delete customer order", "content_type": 9, "codename": "delete_customerorder"}}, {"model": "auth.permission", "pk": 36, "fields": {"name": "Can view customer order", "content_type": 9, "codename": "view_customerorder"}}, {"model": "auth.permission", "pk": 37, "fields": {"name": "Can add part", "content_type": 10, "codename": "add_part"}}, {"model": "auth.permission", "pk": 38, "fields": {"name": "Can change part", "content_type": 10, "codename": "change_part"}}, {"model": "auth.permission", "pk": 39, "fields": {"name": "Can delete part", "content_type": 10, "codename": "delete_part"}}, {"model": "auth.permission", "pk": 40, "fields": {"name": "Can view part", "content_type": 10, "codename": "view_part"}}, {"model": "auth.permission", "pk": 41, "fields": {"name": "Can add supplier order", "content_type": 11, "codename": "add_supplierorder"}}, {"model": "auth.permission", "pk": 42, "fields": {"name": "Can change supplier order", "content_type": 11, "codename": "change_supplierorder"}}, {"model": "auth.permission", "pk": 43, "fields": {"name": "Can delete supplier order", "content_type": 11, "codename": "delete_supplierorder"}}, {"model": "auth.permission", "pk": 44, "fields": {"name": "Can view supplier order", "content_type": 11, "codename": "view_supplierorder"}}, {"model": "auth.permission", "pk": 45, "fields": {"name": "Can add order item", "content_type": 12, "codename": "add_orderitem"}}, {"model": "auth.permission", "pk": 46, "fields": {"name": "Can change order item", "content_type": 12, "codename": "change_orderitem"}}, {"model": "auth.permission", "pk": 47, "fields": {"name": "Can delete order item", "content_type": 12, "codename": "delete_orderitem"}}, {"model": "auth.permission", "pk": 48, "fields": {"name": "Can view order item", "content_type": 12, "codename": "view_orderitem"}}, {"model": "auth.permission", "pk": 49, "fields": {"name": "Can add supplier order item", "content_type": 13, "codename": "add_supplierorderitem"}}, {"model": "auth.permission", "pk": 50, "fields": {"name": "Can change supplier order item", "content_type": 13, "codename": "change_supplierorderitem"}}, {"model": "auth.permission", "pk": 51, "fields": {"name": "Can delete supplier order item", "content_type": 13, "codename": "delete_supplierorderitem"}}, {"model": "auth.permission", "pk": 52, "fields": {"name": "Can view supplier order item", "content_type": 13, "codename": "view_supplierorderitem"}}, {"model": "auth.user", "pk": 1, "fields": {"password": "pbkdf2_sha256$320000$R9hFUCwPxkgR3Ma6PyAfCG$8mT+YDAqIEO1bgdyYym4ygNQiFClssyBR1Ut3crRVkk=", "last_login": "2022-05-17T08:37:35.266Z", "is_superuser": true, "username": "admin", "first_name": "", "last_name": "", "email": "admin@starelectronics.com", "is_staff": true, "is_active": true, "date_joined": "2022-05-02T05:06:44.195Z", "groups": [], "user_permissions": []}}, {"model": "sessions.session", "pk": "03el2q4v1epebuvr7s70458915nruogn", "fields": {"session_data": ".eJxVjMsKwyAQAP_FcxE0urv22Hu_QXRda9qSQB6n0H8vQg7tdWaYQ8W0by3uqyxxLOqqjLr8spz4JVMX5Zmmx6x5nrZlzLon-rSrvs9F3rez_Ru0tLa-TU4EqsPBI1jwrlpGFCdEaKgOIVD1wSaygWgImcExmOyFEQobVJ8vwos3Hg:1nnZcx:vdtq7Lqf31zP5x8x0iR9Bi8eBsSDy2UnayHzKRsAev4", "expire_date": "2022-05-22T05:38:43.851Z"}}, {"model": "sessions.session", "pk": "4xmzlfzccpj511kullb9esg79the1og7", "fields": {"session_data": ".eJxVjMsKwyAQAP_FcxE0urv22Hu_QXRda9qSQB6n0H8vQg7tdWaYQ8W0by3uqyxxLOqqjLr8spz4JVMX5Zmmx6x5nrZlzLon-rSrvs9F3rez_Ru0tLa-TU4EqsPBI1jwrlpGFCdEaKgOIVD1wSaygWgImcExmOyFEQobVJ8vwos3Hg:1nn0Je:TBxE1wFVrPgnZcFA2RtApv5OmLY0GLh7gNQnZoKb3Pc", "expire_date": "2022-05-20T15:56:26.867Z"}}, {"model": "sessions.session", "pk": "6p69wx51f1j7wpwbedpwykn2k1ci1b8t", "fields": {"session_data": ".eJxVjMsKwyAQAP_FcxE0urv22Hu_QXRda9qSQB6n0H8vQg7tdWaYQ8W0by3uqyxxLOqqjLr8spz4JVMX5Zmmx6x5nrZlzLon-rSrvs9F3rez_Ru0tLa-TU4EqsPBI1jwrlpGFCdEaKgOIVD1wSaygWgImcExmOyFEQobVJ8vwos3Hg:1nqkEp:UfRAV6nSmxM3KddvX-fkPK0RRTYX1E8_fd2-7EVqjjU", "expire_date": "2022-05-30T23:34:55.432Z"}}, {"model": "sessions.session", "pk": "dmicjrfma9yjfy7noy7h5qf065cqwnc0", "fields": {"session_data": ".eJxVjMsKwyAQAP_FcxE0urv22Hu_QXRda9qSQB6n0H8vQg7tdWaYQ8W0by3uqyxxLOqqjLr8spz4JVMX5Zmmx6x5nrZlzLon-rSrvs9F3rez_Ru0tLa-TU4EqsPBI1jwrlpGFCdEaKgOIVD1wSaygWgImcExmOyFEQobVJ8vwos3Hg:1nnv39:TCcLjheaF0rcEOb4eeFisePmEZw7HJlDpUlVM45Sf1g", "expire_date": "2022-05-23T04:31:11.033Z"}}, {"model": "sessions.session", "pk": "fosms2thx0rnmqus8o4pwc9wljghw16b", "fields": {"session_data": ".eJxVjMsKwyAQAP_FcxE0urv22Hu_QXRda9qSQB6n0H8vQg7tdWaYQ8W0by3uqyxxLOqqjLr8spz4JVMX5Zmmx6x5nrZlzLon-rSrvs9F3rez_Ru0tLa-TU4EqsPBI1jwrlpGFCdEaKgOIVD1wSaygWgImcExmOyFEQobVJ8vwos3Hg:1npLYH:6dVI7DHYwjsnekzfIskzwZgVq5OlLehZ9WNIN765Oaw", "expire_date": "2022-05-27T03:01:13.355Z"}}, {"model": "sessions.session", "pk": "h6zbt259e2onkkqwuyizd02r8b9c8ui4", "fields": {"session_data": ".eJxVjMsKwyAQAP_FcxE0urv22Hu_QXRda9qSQB6n0H8vQg7tdWaYQ8W0by3uqyxxLOqqjLr8spz4JVMX5Zmmx6x5nrZlzLon-rSrvs9F3rez_Ru0tLa-TU4EqsPBI1jwrlpGFCdEaKgOIVD1wSaygWgImcExmOyFEQobVJ8vwos3Hg:1nnfY0:fyNUiU8VwZxUzJxEFFOgZVNEKHCHyrISkIPcbhsvj5A", "expire_date": "2022-05-22T11:58:00.609Z"}}, {"model": "sessions.session", "pk": "iu2mjod8akevtjx142zgwkzjkpxa0bec", "fields": {"session_data": ".eJxVjMsKwyAQAP_FcxE0urv22Hu_QXRda9qSQB6n0H8vQg7tdWaYQ8W0by3uqyxxLOqqjLr8spz4JVMX5Zmmx6x5nrZlzLon-rSrvs9F3rez_Ru0tLa-TU4EqsPBI1jwrlpGFCdEaKgOIVD1wSaygWgImcExmOyFEQobVJ8vwos3Hg:1nnWzP:fBaBdMITp-OWrVkOaVV22dM9i2UKNkOZ1MSmEzDxnZA", "expire_date": "2022-05-22T02:49:43.674Z"}}, {"model": "sessions.session", "pk": "pepv6jhj6y0reyonu20bnvybz189zy9x", "fields": {"session_data": ".eJxVjMsKwyAQAP_FcxE0urv22Hu_QXRda9qSQB6n0H8vQg7tdWaYQ8W0by3uqyxxLOqqjLr8spz4JVMX5Zmmx6x5nrZlzLon-rSrvs9F3rez_Ru0tLa-TU4EqsPBI1jwrlpGFCdEaKgOIVD1wSaygWgImcExmOyFEQobVJ8vwos3Hg:1nlOGz:KCa5N1LjYr4xVrD8nHwSJzzR7nDBz9Dko81yDkZ7S2Y", "expire_date": "2022-05-16T05:07:01.950Z"}}, {"model": "sessions.session", "pk": "tzeu1oo4mbdn13f7thc1n2v799zg0y8v", "fields": {"session_data": ".eJxVjMsKwyAQAP_FcxE0urv22Hu_QXRda9qSQB6n0H8vQg7tdWaYQ8W0by3uqyxxLOqqjLr8spz4JVMX5Zmmx6x5nrZlzLon-rSrvs9F3rez_Ru0tLa-TU4EqsPBI1jwrlpGFCdEaKgOIVD1wSaygWgImcExmOyFEQobVJ8vwos3Hg:1nnYqk:quwNsG5pin60XtEItzWdCpcWXh9ZLq6JMeWTijYbLVA", "expire_date": "2022-05-22T04:48:54.066Z"}}, {"model": "sessions.session", "pk": "ubza5o6jibdclbwu3pd0kbw00gxyjsnz", "fields": {"session_data": ".eJxVjMsKwyAQAP_FcxE0urv22Hu_QXRda9qSQB6n0H8vQg7tdWaYQ8W0by3uqyxxLOqqjLr8spz4JVMX5Zmmx6x5nrZlzLon-rSrvs9F3rez_Ru0tLa-TU4EqsPBI1jwrlpGFCdEaKgOIVD1wSaygWgImcExmOyFEQobVJ8vwos3Hg:1nnVf9:s0KXKm_zobnnIWukaM6-6WhjEpq4VlXD8Gg6bRsSgfk", "expire_date": "2022-05-22T01:24:43.638Z"}}, {"model": "sessions.session", "pk": "uy7skr29ybapj20g5aef3zov9ke46x9z", "fields": {"session_data": ".eJxVjMsKwyAQAP_FcxE0urv22Hu_QXRda9qSQB6n0H8vQg7tdWaYQ8W0by3uqyxxLOqqjLr8spz4JVMX5Zmmx6x5nrZlzLon-rSrvs9F3rez_Ru0tLa-TU4EqsPBI1jwrlpGFCdEaKgOIVD1wSaygWgImcExmOyFEQobVJ8vwos3Hg:1nmnu7:52SXk42HB1OrQrh91lcKHkoLxcghfJT0_7BkqaBIYtE", "expire_date": "2022-05-20T02:41:15.028Z"}}, {"model": "sessions.session", "pk": "y1ib68ahqkvk2x0m0x8p0yrnisnyaj52", "fields": {"session_data": ".eJxVjMsKwyAQAP_FcxE0urv22Hu_QXRda9qSQB6n0H8vQg7tdWaYQ8W0by3uqyxxLOqqjLr8spz4JVMX5Zmmx6x5nrZlzLon-rSrvs9F3rez_Ru0tLa-TU4EqsPBI1jwrlpGFCdEaKgOIVD1wSaygWgImcExmOyFEQobVJ8vwos3Hg:1nqshz:WuFAuhdbpkH4z3pGCW9OoKKMERosgWwKlj1oKJcKvHo", "expire_date": "2022-05-31T08:37:35.277Z"}}, {"model": "StarInventory.customer", "pk": 1, "fields": {"name": "Sabrian", "phoneNumber": "0277777777", "email": "jufens01@myunitec.ac.nz"}}, {"model": "StarInventory.customer", "pk": 4, "fields": {"name": "Rick young", "phoneNumber": "0275168974", "email": "rick@email.com"}}, {"model": "StarInventory.supplier", "pk": 1, "fields": {"name": "Pb technologies", "phoneNumber": "08008008888", "email": "pb@order.com"}}, {"model": "StarInventory.supplier", "pk": 2, "fields": {"name": "Omnitech", "phoneNumber": "08005009000", "email": "omnitech@order.com"}}, {"model": "StarInventory.part", "pk": 1, "fields": {"manufacturer_number": "SKU-3", "name": "Motherboard", "stock": 1010, "cost": "200.00", "reorder_level": 100, "order_quantity": 20, "reserved_stock": 18, "available_stock": 992, "item_in_order": 0, "description": "Best motherboard in town", "manufacturer": "NXP Semiconductor", "supplier": 1}}, {"model": "StarInventory.part", "pk": 2, "fields": {"manufacturer_number": "SKU-2", "name": "RAM 32GB", "stock": 610, "cost": "150.00", "reorder_level": 100, "order_quantity": 500, "reserved_stock": 13, "available_stock": 597, "item_in_order": 5, "description": "Very quick RAM", "manufacturer": "NXP Semiconductor", "supplier": 2}}, {"model": "StarInventory.part", "pk": 3, "fields": {"manufacturer_number": "SKU-1", "name": "HDD", "stock": 25, "cost": "100.00", "reorder_level": 1, "order_quantity": 10, "reserved_stock": 8, "available_stock": 17, "item_in_order": 3, "description": "Best HDD in town", "manufacturer": "NXP Semiconductor", "supplier": 1}}, {"model": "StarInventory.part", "pk": 4, "fields": {"manufacturer_number": "SKU-4", "name": "SSD 500GB", "stock": 20, "cost": "200.00", "reorder_level": 5, "order_quantity": 20, "reserved_stock": 0, "available_stock": 20, "item_in_order": 4, "description": "Fastest SSD", "manufacturer": "NXP Semiconductor", "supplier": 1}}, {"model": "StarInventory.customerorder", "pk": 3, "fields": {"customer": 1, "status": true, "date": "2022-05-08", "value": "700.00", "confirm": true}}, {"model": "StarInventory.customerorder", "pk": 8, "fields": {"customer": 1, "status": true, "date": "2022-05-18", "value": "200.00", "confirm": true}}, {"model": "StarInventory.customerorder", "pk": 12, "fields": {"customer": 4, "status": true, "date": "2022-05-09", "value": "550.00", "confirm": true}}, {"model": "StarInventory.customerorder", "pk": 22, "fields": {"customer": 4, "status": true, "date": "2022-05-09", "value": "500.00", "confirm": true}}, {"model": "StarInventory.customerorder", "pk": 23, "fields": {"customer": 1, "status": true, "date": "2022-05-09", "value": "2000.00", "confirm": true}}, {"model": "StarInventory.customerorder", "pk": 24, "fields": {"customer": 4, "status": false, "date": "2022-05-17", "value": "6350.00", "confirm": false}}, {"model": "StarInventory.customerorder", "pk": 25, "fields": {"customer": 1, "status": true, "date": "2022-05-12", "value": "1200.00", "confirm": true}}, {"model": "StarInventory.customerorder", "pk": 31, "fields": {"customer": 1, "status": true, "date": "2022-05-17", "value": "1200.00", "confirm": true}}, {"model": "StarInventory.customerorder", "pk": 40, "fields": {"customer": 1, "status": true, "date": "2022-05-17", "value": "1400.00", "confirm": true}}, {"model": "StarInventory.customerorder", "pk": 41, "fields": {"customer": 1, "status": true, "date": "2022-05-17", "value": "600.00", "confirm": true}}, {"model": "StarInventory.customerorder", "pk": 42, "fields": {"customer": 1, "status": true, "date": "2022-05-17", "value": "3200.00", "confirm": true}}, {"model": "StarInventory.customerorder", "pk": 43, "fields": {"customer": 4, "status": true, "date": "2022-05-17", "value": "1200.00", "confirm": true}}, {"model": "StarInventory.customerorder", "pk": 44, "fields": {"customer": 1, "status": true, "date": "2022-05-17", "value": "800.00", "confirm": true}}, {"model": "StarInventory.customerorder", "pk": 45, "fields": {"customer": 1, "status": false, "date": "2022-05-17", "value": "0.00", "confirm": false}}, {"model": "StarInventory.orderitem", "pk": 17, "fields": {"part": 1, "customerOrder": 3, "quantity": 2, "total_price": "400.00"}}, {"model": "StarInventory.orderitem", "pk": 18, "fields": {"part": 2, "customerOrder": 3, "quantity": 2, "total_price": "300.00"}}, {"model": "StarInventory.orderitem", "pk": 27, "fields": {"part": 1, "customerOrder": 8, "quantity": 1, "total_price": "200.00"}}, {"model": "StarInventory.orderitem", "pk": 32, "fields": {"part": 1, "customerOrder": 12, "quantity": 2, "total_price": "400.00"}}, {"model": "StarInventory.orderitem", "pk": 33, "fields": {"part": 2, "customerOrder": 12, "quantity": 1, "total_price": "150.00"}}, {"model": "StarInventory.orderitem", "pk": 52, "fields": {"part": 3, "customerOrder": 22, "quantity": 5, "total_price": "500.00"}}, {"model": "StarInventory.orderitem", "pk": 53, "fields": {"part": 3, "customerOrder": 23, "quantity": 20, "total_price": "2000.00"}}, {"model": "StarInventory.orderitem", "pk": 54, "fields": {"part": 1, "customerOrder": 24, "quantity": 18, "total_price": "3600.00"}}, {"model": "StarInventory.orderitem", "pk": 55, "fields": {"part": 2, "customerOrder": 24, "quantity": 13, "total_price": "1950.00"}}, {"model": "StarInventory.orderitem", "pk": 57, "fields": {"part": 3, "customerOrder": 24, "quantity": 8, "total_price": "800.00"}}, {"model": "StarInventory.orderitem", "pk": 58, "fields": {"part": 4, "customerOrder": 25, "quantity": 6, "total_price": "1200.00"}}, {"model": "StarInventory.orderitem", "pk": 64, "fields": {"part": 4, "customerOrder": 31, "quantity": 6, "total_price": "1200.00"}}, {"model": "StarInventory.orderitem", "pk": 73, "fields": {"part": 4, "customerOrder": 40, "quantity": 7, "total_price": "1400.00"}}, {"model": "StarInventory.orderitem", "pk": 74, "fields": {"part": 4, "customerOrder": 41, "quantity": 3, "total_price": "600.00"}}, {"model": "StarInventory.orderitem", "pk": 75, "fields": {"part": 4, "customerOrder": 42, "quantity": 16, "total_price": "3200.00"}}, {"model": "StarInventory.orderitem", "pk": 76, "fields": {"part": 4, "customerOrder": 43, "quantity": 6, "total_price": "1200.00"}}, {"model": "StarInventory.orderitem", "pk": 77, "fields": {"part": 4, "customerOrder": 44, "quantity": 4, "total_price": "800.00"}}, {"model": "StarInventory.supplierorder", "pk": 7, "fields": {"supplier": 1, "status": true, "date": "2022-05-17", "value": "1300.00", "confirm": true}}, {"model": "StarInventory.supplierorder", "pk": 8, "fields": {"supplier": 1, "status": true, "date": "2022-05-17", "value": "1000.00", "confirm": true}}, {"model": "StarInventory.supplierorder", "pk": 10, "fields": {"supplier": 1, "status": true, "date": "2022-05-17", "value": "1850.00", "confirm": true}}, {"model": "StarInventory.supplierorder", "pk": 13, "fields": {"supplier": 1, "status": true, "date": "2022-05-17", "value": "800.00", "confirm": true}}, {"model": "StarInventory.supplierorder", "pk": 17, "fields": {"supplier": 1, "status": true, "date": "2022-05-11", "value": "1200.00", "confirm": true}}, {"model": "StarInventory.supplierorder", "pk": 30, "fields": {"supplier": 1, "status": true, "date": "2022-05-17", "value": "1200.00", "confirm": true}}, {"model": "StarInventory.supplierorder", "pk": 34, "fields": {"supplier": 1, "status": true, "date": "2022-05-17", "value": "4000.00", "confirm": true}}, {"model": "StarInventory.supplierorder", "pk": 35, "fields": {"supplier": 1, "status": false, "date": "2022-05-17", "value": "1850.00", "confirm": false}}, {"model": "StarInventory.supplierorderitem", "pk": 7, "fields": {"part": 2, "supplierOrder": 7, "quantity": 6, "total_price": "900.00"}}, {"model": "StarInventory.supplierorderitem", "pk": 8, "fields": {"part": 1, "supplierOrder": 8, "quantity": 5, "total_price": "1000.00"}}, {"model": "StarInventory.supplierorderitem", "pk": 9, "fields": {"part": 3, "supplierOrder": 7, "quantity": 2, "total_price": "200.00"}}, {"model": "StarInventory.supplierorderitem", "pk": 10, "fields": {"part": 1, "supplierOrder": 7, "quantity": 1, "total_price": "200.00"}}, {"model": "StarInventory.supplierorderitem", "pk": 21, "fields": {"part": 1, "supplierOrder": 10, "quantity": 4, "total_price": "800.00"}}, {"model": "StarInventory.supplierorderitem", "pk": 22, "fields": {"part": 2, "supplierOrder": 10, "quantity": 5, "total_price": "750.00"}}, {"model": "StarInventory.supplierorderitem", "pk": 23, "fields": {"part": 3, "supplierOrder": 10, "quantity": 3, "total_price": "300.00"}}, {"model": "StarInventory.supplierorderitem", "pk": 28, "fields": {"part": 4, "supplierOrder": 13, "quantity": 4, "total_price": "800.00"}}, {"model": "StarInventory.supplierorderitem", "pk": 31, "fields": {"part": 4, "supplierOrder": 17, "quantity": 6, "total_price": "1200.00"}}, {"model": "StarInventory.supplierorderitem", "pk": 40, "fields": {"part": 4, "supplierOrder": 30, "quantity": 6, "total_price": "1200.00"}}, {"model": "StarInventory.supplierorderitem", "pk": 43, "fields": {"part": 4, "supplierOrder": 34, "quantity": 20, "total_price": "4000.00"}}, {"model": "StarInventory.supplierorderitem", "pk": 44, "fields": {"part": 2, "supplierOrder": 35, "quantity": 5, "total_price": "750.00"}}, {"model": "StarInventory.supplierorderitem", "pk": 45, "fields": {"part": 4, "supplierOrder": 35, "quantity": 4, "total_price": "800.00"}}, {"model": "StarInventory.supplierorderitem", "pk": 46, "fields": {"part": 3, "supplierOrder": 35, "quantity": 3, "total_price": "300.00"}}]
